date,total_cases,new_cases,total_deaths,new_deaths,total_cases_per_million,new_cases_per_million,total_deaths_per_million,new_deaths_per_million
1/23/2020,2,2,,,0.267,0.267,,
1/24/2020,2,0,,,0.267,0,,
1/25/2020,5,3,,,0.667,0.4,,
1/26/2020,8,3,,,1.067,0.4,,
1/27/2020,8,0,,,1.067,0,,
1/28/2020,8,0,,,1.067,0,,
1/29/2020,10,2,,,1.334,0.267,,
1/30/2020,10,0,,,1.334,0,,
1/31/2020,12,2,,,1.601,0.267,,
2/1/2020,13,1,,,1.735,0.133,,
2/2/2020,15,2,,,2.001,0.267,,
2/3/2020,15,0,,,2.001,0,,
2/4/2020,17,2,1,1,2.268,0.267,0.133,0.133
2/5/2020,21,4,1,0,2.802,0.534,0.133,0
2/6/2020,24,3,1,0,3.202,0.4,0.133,0
2/7/2020,25,1,1,0,3.336,0.133,0.133,0
2/8/2020,26,1,1,0,3.469,0.133,0.133,0
2/9/2020,29,3,1,0,3.869,0.4,0.133,0
2/10/2020,38,9,1,0,5.07,1.201,0.133,0
2/11/2020,49,11,1,0,6.538,1.468,0.133,0
2/12/2020,50,1,1,0,6.671,0.133,0.133,0
2/13/2020,53,3,1,0,7.072,0.4,0.133,0
2/14/2020,56,3,1,0,7.472,0.4,0.133,0
2/15/2020,56,0,1,0,7.472,0,0.133,0
2/16/2020,57,1,1,0,7.605,0.133,0.133,0
2/17/2020,60,3,1,0,8.006,0.4,0.133,0
2/18/2020,62,2,1,0,8.273,0.267,0.133,0
2/19/2020,63,1,2,1,8.406,0.133,0.267,0.133
2/20/2020,68,5,2,0,9.073,0.667,0.267,0
2/21/2020,68,0,2,0,9.073,0,0.267,0
2/22/2020,69,1,2,0,9.207,0.133,0.267,0
2/23/2020,74,5,2,0,9.874,0.667,0.267,0
2/24/2020,79,5,2,0,10.541,0.667,0.267,0
2/25/2020,84,5,2,0,11.208,0.667,0.267,0
2/26/2020,91,7,2,0,12.142,0.934,0.267,0
2/27/2020,92,1,2,0,12.276,0.133,0.267,0
2/28/2020,94,2,2,0,12.542,0.267,0.267,0
2/29/2020,95,1,2,0,12.676,0.133,0.267,0
3/1/2020,96,1,2,0,12.809,0.133,0.267,0
3/2/2020,100,4,2,0,13.343,0.534,0.267,0
3/3/2020,100,0,2,0,13.343,0,0.267,0
3/4/2020,105,5,2,0,14.01,0.667,0.267,0
3/5/2020,105,0,2,0,14.01,0,0.267,0
3/6/2020,107,2,2,0,14.277,0.267,0.267,0
3/7/2020,108,1,2,0,14.41,0.133,0.267,0
3/8/2020,114,6,3,1,15.211,0.801,0.4,0.133
3/9/2020,115,1,3,0,15.344,0.133,0.4,0
3/10/2020,120,5,3,0,16.012,0.667,0.4,0
3/11/2020,126,6,3,0,16.812,0.801,0.4,0
3/12/2020,129,3,3,0,17.212,0.4,0.4,0
3/13/2020,134,5,4,1,17.88,0.667,0.534,0.133
3/14/2020,140,6,4,0,18.68,0.801,0.534,0
3/15/2020,145,5,4,0,19.347,0.667,0.534,0
3/16/2020,155,10,4,0,20.682,1.334,0.534,0
3/17/2020,162,7,4,0,21.616,0.934,0.534,0
3/18/2020,181,19,4,0,24.151,2.535,0.534,0
3/19/2020,208,27,4,0,27.753,3.603,0.534,0
3/20/2020,256,48,4,0,34.158,6.405,0.534,0
3/21/2020,273,17,4,0,36.426,2.268,0.534,0
3/22/2020,317,44,4,0,42.297,5.871,0.534,0
3/23/2020,351,34,4,0,46.834,4.537,0.534,0
3/24/2020,382,31,4,0,50.97,4.136,0.534,0
3/25/2020,407,25,4,0,54.306,3.336,0.534,0
3/26/2020,452,45,4,0,60.31,6.004,0.534,0
3/27/2020,494,42,4,0,65.914,5.604,0.534,0
3/28/2020,526,32,4,0,70.184,4.27,0.534,0
3/29/2020,577,51,4,0,76.989,6.805,0.534,0
3/30/2020,623,46,4,0,83.127,6.138,0.534,0
3/31/2020,680,57,4,0,90.732,7.605,0.534,0
4/1/2020,737,57,4,0,98.338,7.605,0.534,0
4/2/2020,784,47,4,0,104.609,6.271,0.534,0
4/3/2020,831,47,4,0,110.88,6.271,0.534,0
4/4/2020,853,22,4,0,113.816,2.935,0.534,0
4/5/2020,882,29,4,0,117.685,3.869,0.534,0
4/6/2020,914,32,4,0,121.955,4.27,0.534,0
4/7/2020,935,21,4,0,124.757,2.802,0.534,0
4/8/2020,960,25,4,0,128.093,3.336,0.534,0
4/9/2020,973,13,4,0,129.827,1.735,0.534,0
4/10/2020,989,16,4,0,131.962,2.135,0.534,0
4/11/2020,1000,11,4,0,133.43,1.468,0.534,0
4/12/2020,1004,4,4,0,133.964,0.534,0.534,0
4/13/2020,1009,5,4,0,134.631,0.667,0.534,0
4/14/2020,1012,3,4,0,135.031,0.4,0.534,0
4/15/2020,1016,4,4,0,135.565,0.534,0.534,0
4/16/2020,1017,1,4,0,135.698,0.133,0.534,0
4/17/2020,1021,4,4,0,136.232,0.534,0.534,0
4/18/2020,1023,2,4,0,136.499,0.267,0.534,0
4/19/2020,1025,2,4,0,136.766,0.267,0.534,0
4/20/2020,1025,0,4,0,136.766,0,0.534,0
4/21/2020,1029,4,4,0,137.299,0.534,0.534,0
4/22/2020,1033,4,4,0,137.833,0.534,0.534,0
4/23/2020,1035,2,4,0,138.1,0.267,0.534,0
4/24/2020,1035,0,4,0,138.1,0,0.534,0
4/25/2020,1037,2,4,0,138.367,0.267,0.534,0
4/26/2020,1037,0,4,0,138.367,0,0.534,0
4/27/2020,1037,0,4,0,138.367,0,0.534,0
4/28/2020,1037,0,4,0,138.367,0,0.534,0
4/29/2020,1037,0,4,0,138.367,0,0.534,0
4/30/2020,1037,0,4,0,138.367,0,0.534,0
5/1/2020,1039,2,4,0,138.634,0.267,0.534,0
5/2/2020,1039,0,4,0,138.634,0,0.534,0
5/3/2020,1039,0,4,0,138.634,0,0.534,0
5/4/2020,1040,1,4,0,138.767,0.133,0.534,0
5/5/2020,1040,0,4,0,138.767,0,0.534,0
5/6/2020,1040,0,4,0,138.767,0,0.534,0
5/7/2020,1044,4,4,0,139.301,0.534,0.534,0
5/8/2020,1044,0,4,0,139.301,0,0.534,0
5/9/2020,1044,0,4,0,139.301,0,0.534,0
5/10/2020,1047,3,4,0,139.701,0.4,0.534,0
5/11/2020,1047,0,4,0,139.701,0,0.534,0
5/12/2020,1047,0,4,0,139.701,0,0.534,0
5/13/2020,1050,3,4,0,140.101,0.4,0.534,0
5/14/2020,1051,1,4,0,140.235,0.133,0.534,0
5/15/2020,1052,1,4,0,140.368,0.133,0.534,0
5/16/2020,1052,0,4,0,140.368,0,0.534,0
5/17/2020,1055,3,4,0,140.768,0.4,0.534,0
5/18/2020,1055,0,4,0,140.768,0,0.534,0
5/19/2020,1055,0,4,0,140.768,0,0.534,0
5/20/2020,1055,0,4,0,140.768,0,0.534,0
5/21/2020,1063,8,4,0,141.836,1.067,0.534,0
5/22/2020,1065,2,4,0,142.103,0.267,0.534,0
5/23/2020,1065,0,4,0,142.103,0,0.534,0
5/24/2020,1065,0,4,0,142.103,0,0.534,0
5/25/2020,1065,0,4,0,142.103,0,0.534,0
5/26/2020,1065,0,4,0,142.103,0,0.534,0
5/27/2020,1066,1,4,0,142.236,0.133,0.534,0
5/28/2020,1066,0,4,0,142.236,0,0.534,0
5/29/2020,1079,13,4,0,143.971,1.735,0.534,0
5/30/2020,1082,3,4,0,144.371,0.4,0.534,0
5/31/2020,1084,2,4,0,144.638,0.267,0.534,0
6/1/2020,1087,3,4,0,145.038,0.4,0.534,0
6/2/2020,1093,6,4,0,145.839,0.801,0.534,0
6/3/2020,1093,0,4,0,145.839,0,0.534,0
6/4/2020,1099,6,4,0,146.639,0.801,0.534,0
6/5/2020,1102,3,4,0,147.04,0.4,0.534,0
6/6/2020,1105,3,4,0,147.44,0.4,0.534,0
6/7/2020,1106,1,4,0,147.573,0.133,0.534,0
6/8/2020,1107,1,4,0,147.707,0.133,0.534,0
6/9/2020,1107,0,4,0,147.707,0,0.534,0
6/10/2020,1107,0,4,0,147.707,0,0.534,0
6/11/2020,1107,0,4,0,147.707,0,0.534,0
6/12/2020,1108,1,4,0,147.84,0.133,0.534,0
6/13/2020,1109,1,4,0,147.974,0.133,0.534,0
6/14/2020,1109,0,4,0,147.974,0,0.534,0
6/15/2020,1112,3,4,0,148.374,0.4,0.534,0
6/16/2020,1112,0,4,0,148.374,0,0.534,0
6/17/2020,1120,8,4,0,149.441,1.067,0.534,0
6/18/2020,1124,4,4,0,149.975,0.534,0.534,0
6/19/2020,1127,3,4,0,150.375,0.4,0.534,0
6/20/2020,1128,1,4,0,150.509,0.133,0.534,0
6/21/2020,1131,3,5,1,150.909,0.4,0.667,0.133
6/22/2020,1161,30,5,0,154.912,4.003,0.667,0
6/23/2020,1177,16,6,1,157.047,2.135,0.801,0.133
6/24/2020,1179,2,6,0,157.314,0.267,0.801,0
6/25/2020,1193,14,7,1,159.182,1.868,0.934,0.133
6/26/2020,1196,3,7,0,159.582,0.4,0.934,0
6/27/2020,1197,1,7,0,159.715,0.133,0.934,0
6/28/2020,1199,2,7,0,159.982,0.267,0.934,0
6/29/2020,1203,4,7,0,160.516,0.534,0.934,0
6/30/2020,1205,2,7,0,160.783,0.267,0.934,0
7/1/2020,1233,28,7,0,164.519,3.736,0.934,0
7/2/2020,1242,9,7,0,165.72,1.201,0.934,0
7/3/2020,1247,5,7,0,166.387,0.667,0.934,0
7/4/2020,1258,11,7,0,167.855,1.468,0.934,0
7/5/2020,1268,10,7,0,169.189,1.334,0.934,0
7/6/2020,1285,17,7,0,171.457,2.268,0.934,0
7/7/2020,1299,14,7,0,173.325,1.868,0.934,0
7/8/2020,1323,24,7,0,176.528,3.202,0.934,0
7/9/2020,1365,42,7,0,182.132,5.604,0.934,0
7/10/2020,1403,38,7,0,187.202,5.07,0.934,0
7/11/2020,1431,28,7,0,190.938,3.736,0.934,0
7/12/2020,1469,38,7,0,196.008,5.07,0.934,0
7/13/2020,1521,52,7,0,202.947,6.938,0.934,0
7/14/2020,1569,48,8,1,209.351,6.405,1.067,0.133
7/15/2020,1588,19,8,0,211.887,2.535,1.067,0
7/16/2020,1655,67,10,2,220.826,8.94,1.334,0.267
7/17/2020,1713,58,10,0,228.565,7.739,1.334,0
7/18/2020,1777,64,12,2,237.105,8.54,1.601,0.267
7/19/2020,1885,108,12,0,251.515,14.41,1.601,0
7/20/2020,1958,73,12,0,261.256,9.74,1.601,0
7/21/2020,2018,60,14,2,269.261,8.006,1.868,0.267
7/22/2020,2131,113,14,0,284.339,15.078,1.868,0
7/23/2020,2249,118,15,1,300.084,15.745,2.001,0.133
7/24/2020,2372,123,16,1,316.495,16.412,2.135,0.133
7/25/2020,2505,133,18,2,334.242,17.746,2.402,0.267
7/26/2020,2633,128,18,0,351.321,17.079,2.402,0
7/27/2020,2778,145,22,4,370.668,19.347,2.935,0.534
7/28/2020,2884,106,22,0,384.812,14.144,2.935,0
7/29/2020,3002,118,24,2,400.556,15.745,3.202,0.267
7/30/2020,3151,149,24,0,420.437,19.881,3.202,0
7/31/2020,3272,121,27,3,436.582,16.145,3.603,0.4
8/1/2020,3396,124,31,4,453.128,16.545,4.136,0.534
8/2/2020,3511,115,34,3,468.472,15.344,4.537,0.4
8/3/2020,3589,78,37,3,478.88,10.408,4.937,0.4
8/4/2020,3669,80,41,4,489.554,10.674,5.471,0.534
8/5/2020,3754,85,43,2,500.895,11.342,5.737,0.267
8/6/2020,3849,95,44,1,513.571,12.676,5.871,0.133
8/7/2020,3938,89,46,2,525.447,11.875,6.138,0.267
8/8/2020,4007,69,47,1,534.653,9.207,6.271,0.133
8/9/2020,4079,72,51,4,544.26,9.607,6.805,0.534
8/10/2020,4148,69,54,3,553.467,9.207,7.205,0.4
8/11/2020,4181,33,58,4,557.87,4.403,7.739,0.534
8/12/2020,4243,62,63,5,566.143,8.273,8.406,0.667
8/13/2020,4312,69,65,2,575.349,9.207,8.673,0.267
8/14/2020,4360,48,66,1,581.754,6.405,8.806,0.133
8/15/2020,4406,46,68,2,587.892,6.138,9.073,0.267
8/16/2020,4480,74,69,1,597.765,9.874,9.207,0.133
8/17/2020,4524,44,69,0,603.636,5.871,9.207,0
8/18/2020,4560,36,70,1,608.44,4.803,9.34,0.133
8/19/2020,4586,26,72,2,611.909,3.469,9.607,0.267
8/20/2020,4604,18,73,1,614.311,2.402,9.74,0.133
8/21/2020,4631,27,75,2,617.913,3.603,10.007,0.267
8/22/2020,4657,26,76,1,621.383,3.469,10.141,0.133
8/23/2020,4682,25,77,1,624.718,3.336,10.274,0.133
8/24/2020,4691,9,77,0,625.919,1.201,10.274,0
8/25/2020,4710,19,77,0,628.454,2.535,10.274,0
8/26/2020,4734,24,78,1,631.657,3.202,10.408,0.133
8/27/2020,4755,21,79,1,634.459,2.802,10.541,0.133
8/28/2020,4768,13,84,5,636.193,1.735,11.208,0.667
8/29/2020,4786,18,86,2,638.595,2.402,11.475,0.267
8/30/2020,4801,15,88,2,640.596,2.001,11.742,0.267
8/31/2020,4810,9,89,1,641.797,1.201,11.875,0.133
9/1/2020,4822,12,90,1,643.398,1.601,12.009,0.133
9/2/2020,4830,8,93,3,644.466,1.067,12.409,0.4
9/3/2020,4838,8,94,1,645.533,1.067,12.542,0.133
9/4/2020,4850,12,94,0,647.135,1.601,12.542,0
9/5/2020,4857,7,94,0,648.069,0.934,12.542,0
9/6/2020,4878,21,95,1,650.871,2.802,12.676,0.133
9/7/2020,4889,11,98,3,652.338,1.468,13.076,0.4
9/8/2020,4895,6,99,1,653.139,0.801,13.21,0.133
9/9/2020,4901,6,99,0,653.939,0.801,13.21,0
9/10/2020,4913,12,99,0,655.541,1.601,13.21,0
9/11/2020,4925,12,99,0,657.142,1.601,13.21,0
9/12/2020,4938,13,100,1,658.876,1.735,13.343,0.133
9/13/2020,4957,19,100,0,661.411,2.535,13.343,0
9/14/2020,4971,14,101,1,663.28,1.868,13.476,0.133
9/15/2020,4975,4,101,0,663.813,0.534,13.476,0
9/16/2020,4984,9,102,1,665.014,1.201,13.61,0.133
9/17/2020,4993,9,102,0,666.215,1.201,13.61,0
9/18/2020,4996,3,103,1,666.615,0.4,13.743,0.133
9/19/2020,5009,13,103,0,668.35,1.735,13.743,0
9/20/2020,5032,23,103,0,671.419,3.069,13.743,0
9/21/2020,5038,6,103,0,672.219,0.801,13.743,0
9/22/2020,5046,8,103,0,673.287,1.067,13.743,0
9/23/2020,5049,3,103,0,673.687,0.4,13.743,0
9/24/2020,5056,7,104,1,674.621,0.934,13.877,0.133
9/25/2020,5058,2,104,0,674.888,0.267,13.877,0
9/26/2020,5059,1,105,1,675.021,0.133,14.01,0.133
9/27/2020,5065,6,105,0,675.822,0.801,14.01,0
9/28/2020,5075,10,105,0,677.156,1.334,14.01,0
9/29/2020,5079,4,105,0,677.69,0.534,14.01,0
9/30/2020,5087,8,105,0,678.757,1.067,14.01,0
10/1/2020,5097,10,105,0,680.092,1.334,14.01,0
10/2/2020,5104,7,105,0,681.026,0.934,14.01,0
10/3/2020,5108,4,105,0,681.559,0.534,14.01,0
10/4/2020,5113,5,105,0,682.227,0.667,14.01,0
10/5/2020,5124,11,105,0,683.694,1.468,14.01,0
10/6/2020,5132,8,105,0,684.762,1.067,14.01,0
10/7/2020,5143,11,105,0,686.229,1.468,14.01,0
10/8/2020,5161,18,105,0,688.631,2.402,14.01,0
10/9/2020,5169,8,105,0,689.699,1.067,14.01,0
10/10/2020,5175,6,105,0,690.499,0.801,14.01,0
10/11/2020,5182,7,105,0,691.433,0.934,14.01,0
10/12/2020,5193,11,105,0,692.901,1.468,14.01,0
10/13/2020,5201,8,105,0,693.968,1.067,14.01,0
10/14/2020,5201,0,105,0,693.968,0,14.01,0
10/15/2020,5213,12,105,0,695.57,1.601,14.01,0
10/16/2020,5220,7,105,0,696.504,0.934,14.01,0
10/17/2020,5237,17,105,0,698.772,2.268,14.01,0
10/18/2020,5241,4,105,0,699.306,0.534,14.01,0
10/19/2020,5256,15,105,0,701.307,2.001,14.01,0
10/20/2020,5261,5,105,0,701.974,0.667,14.01,0
10/21/2020,5269,8,105,0,703.042,1.067,14.01,0
10/22/2020,5280,11,105,0,704.509,1.468,14.01,0
10/23/2020,5284,4,105,0,705.043,0.534,14.01,0
10/24/2020,5289,5,105,0,705.71,0.667,14.01,0
10/25/2020,5295,6,105,0,706.511,0.801,14.01,0
10/26/2020,5303,8,105,0,707.578,1.067,14.01,0
10/27/2020,5308,5,105,0,708.245,0.667,14.01,0
10/28/2020,5310,2,105,0,708.512,0.267,14.01,0
10/29/2020,5313,3,105,0,708.912,0.4,14.01,0
10/30/2020,5320,7,105,0,709.847,0.934,14.01,0
10/31/2020,5323,3,105,0,710.247,0.4,14.01,0
11/1/2020,5330,7,105,0,711.181,0.934,14.01,0
11/2/2020,5336,6,105,0,711.981,0.801,14.01,0
11/3/2020,5345,9,105,0,713.182,1.201,14.01,0
11/4/2020,5348,3,106,1,713.583,0.4,14.144,0.133
11/5/2020,5355,7,106,0,714.517,0.934,14.144,0
11/6/2020,5361,6,107,1,715.317,0.801,14.277,0.133
11/7/2020,5364,3,107,0,715.717,0.4,14.277,0
11/8/2020,5374,10,107,0,717.052,1.334,14.277,0
11/9/2020,5380,6,107,0,717.852,0.801,14.277,0
11/10/2020,5389,9,108,1,719.053,1.201,14.41,0.133
11/11/2020,5407,18,108,0,721.455,2.402,14.41,0
11/12/2020,5430,23,108,0,724.524,3.069,14.41,0
11/13/2020,5436,6,108,0,725.324,0.801,14.41,0
11/14/2020,5444,8,108,0,726.392,1.067,14.41,0
11/15/2020,5458,14,108,0,728.26,1.868,14.41,0
11/16/2020,5466,8,108,0,729.327,1.067,14.41,0
11/17/2020,5470,4,108,0,729.861,0.534,14.41,0
11/18/2020,5479,9,108,0,731.062,1.201,14.41,0
11/19/2020,5491,12,108,0,732.663,1.601,14.41,0
11/20/2020,5517,26,108,0,736.132,3.469,14.41,0
11/21/2020,5560,43,108,0,741.87,5.737,14.41,0
11/22/2020,5628,68,108,0,750.943,9.073,14.41,0
11/23/2020,5701,73,108,0,760.683,9.74,14.41,0
11/24/2020,5781,80,108,0,771.358,10.674,14.41,0
11/25/2020,5866,85,108,0,782.699,11.342,14.41,0
11/26/2020,5947,81,108,0,793.507,10.808,14.41,0
11/27/2020,6039,92,108,0,805.783,12.276,14.41,0
11/28/2020,6123,84,109,1,816.991,11.208,14.544,0.133
11/29/2020,6238,115,109,0,832.335,15.344,14.544,0
11/30/2020,6314,76,109,0,842.476,10.141,14.544,0
12/1/2020,6396,82,109,0,853.417,10.941,14.544,0
12/2/2020,6499,103,110,1,867.16,13.743,14.677,0.133
12/3/2020,6589,90,110,0,879.169,12.009,14.677,0
12/4/2020,6701,112,112,2,894.113,14.944,14.944,0.267
12/5/2020,6802,101,112,0,907.589,13.476,14.944,0
12/6/2020,6897,95,112,0,920.265,12.676,14.944,0
12/7/2020,6975,78,112,0,930.673,10.408,14.944,0
12/8/2020,7075,100,112,0,944.016,13.343,14.944,0
12/9/2020,7179,104,114,2,957.892,13.877,15.211,0.267
12/10/2020,7291,112,114,0,972.837,14.944,15.211,0
12/11/2020,7377,86,114,0,984.312,11.475,15.211,0
12/12/2020,7446,69,115,1,993.518,9.207,15.344,0.133
12/13/2020,7541,95,117,2,1006.194,12.676,15.611,0.267
12/14/2020,7623,82,120,3,1017.135,10.941,16.012,0.4
12/15/2020,7721,98,122,2,1030.211,13.076,16.278,0.267
12/16/2020,7803,82,123,1,1041.153,10.941,16.412,0.133
12/17/2020,7899,96,125,2,1053.962,12.809,16.679,0.267
12/18/2020,7969,70,129,4,1063.302,9.34,17.212,0.534
12/19/2020,8078,109,129,0,1077.846,14.544,17.212,0
12/20/2020,8152,74,129,0,1087.72,9.874,17.212,0
12/21/2020,8237,85,131,2,1099.061,11.342,17.479,0.267
12/22/2020,8300,63,132,1,1107.467,8.406,17.613,0.133
12/23/2020,8353,53,133,1,1114.539,7.072,17.746,0.133
12/24/2020,8424,71,135,2,1124.013,9.474,18.013,0.267
12/25/2020,8481,57,136,1,1131.618,7.605,18.146,0.133
12/26/2020,8540,59,136,0,1139.49,7.872,18.146,0
12/27/2020,8610,70,136,0,1148.831,9.34,18.146,0
12/28/2020,8671,61,139,3,1156.97,8.139,18.547,0.4
12/29/2020,8724,53,143,4,1164.042,7.072,19.08,0.534
12/30/2020,8778,54,146,3,1171.247,7.205,19.481,0.4
12/31/2020,8846,68,148,2,1180.32,9.073,19.748,0.267
1/1/2021,8888,42,149,1,1185.924,5.604,19.881,0.133
1/2/2021,8923,35,150,1,1190.594,4.67,20.014,0.133
1/3/2021,8964,41,150,0,1196.065,5.471,20.014,0
1/4/2021,9017,53,151,1,1203.136,7.072,20.148,0.133
1/5/2021,9049,32,153,2,1207.406,4.27,20.415,0.267
1/6/2021,9074,25,154,1,1210.742,3.336,20.548,0.133
1/7/2021,9107,33,154,0,1215.145,4.403,20.548,0
1/8/2021,9152,45,155,1,1221.149,6.004,20.682,0.133
1/9/2021,9211,59,157,2,1229.022,7.872,20.948,0.267
1/10/2021,9242,31,158,1,1233.158,4.136,21.082,0.133
1/11/2021,9283,41,158,0,1238.629,5.471,21.082,0
1/12/2021,9343,60,159,1,1246.635,8.006,21.215,0.133
1/13/2021,9385,42,161,2,1252.239,5.604,21.482,0.267
1/14/2021,9414,29,161,0,1256.108,3.869,21.482,0
1/15/2021,9452,38,161,0,1261.178,5.07,21.482,0
1/16/2021,9502,50,162,1,1267.85,6.671,21.616,0.133
1/17/2021,9557,55,162,0,1275.189,7.339,21.616,0
1/18/2021,9664,107,163,1,1289.466,14.277,21.749,0.133
1/19/2021,9720,56,164,1,1296.938,7.472,21.882,0.133
1/20/2021,9797,77,166,2,1307.212,10.274,22.149,0.267
1/21/2021,9867,70,167,1,1316.552,9.34,22.283,0.133
1/22/2021,9928,61,167,0,1324.691,8.139,22.283,0
1/23/2021,10009,81,168,1,1335.499,10.808,22.416,0.133
1/24/2021,10085,76,169,1,1345.639,10.141,22.55,0.133
1/25/2021,10158,73,171,2,1355.38,9.74,22.816,0.267
1/26/2021,10222,64,173,2,1363.919,8.54,23.083,0.267
1/27/2021,10282,60,174,1,1371.925,8.006,23.217,0.133
1/28/2021,10321,39,177,3,1377.129,5.204,23.617,0.4
1/29/2021,10371,50,178,1,1383.8,6.671,23.751,0.133
1/30/2021,10399,28,178,0,1387.536,3.736,23.751,0
1/31/2021,10452,53,181,3,1394.608,7.072,24.151,0.4
2/1/2021,10486,34,182,1,1399.145,4.537,24.284,0.133
2/2/2021,10511,25,183,1,1402.481,3.336,24.418,0.133
2/3/2021,10530,19,185,2,1405.016,2.535,24.685,0.267
2/4/2021,10552,22,186,1,1407.951,2.935,24.818,0.133
2/5/2021,10589,37,186,0,1412.888,4.937,24.818,0
2/6/2021,10608,19,186,0,1415.423,2.535,24.818,0
2/7/2021,10635,27,186,0,1419.026,3.603,24.818,0
2/8/2021,10667,32,186,0,1423.296,4.27,24.818,0
2/9/2021,10693,26,187,1,1426.765,3.469,24.951,0.133
2/10/2021,10710,17,188,1,1429.033,2.268,25.085,0.133
2/11/2021,10731,21,191,3,1431.835,2.802,25.485,0.4
2/12/2021,10755,24,192,1,1435.037,3.202,25.619,0.133
2/13/2021,10767,12,193,1,1436.639,1.601,25.752,0.133
2/14/2021,10779,12,193,0,1438.24,1.601,25.752,0
2/15/2021,10788,9,193,0,1439.441,1.201,25.752,0
2/16/2021,10796,8,194,1,1440.508,1.067,25.885,0.133
2/17/2021,10812,16,195,1,1442.643,2.135,26.019,0.133
2/18/2021,10820,8,197,2,1443.71,1.067,26.286,0.267
2/19/2021,10833,13,197,0,1445.445,1.735,26.286,0
2/20/2021,10848,15,197,0,1447.446,2.001,26.286,0
2/21/2021,10868,20,197,0,1450.115,2.669,26.286,0
2/22/2021,10884,16,197,0,1452.25,2.135,26.286,0
2/23/2021,10896,12,197,0,1453.851,1.601,26.286,0
2/24/2021,10913,17,197,0,1456.119,2.268,26.286,0
2/25/2021,10926,13,198,1,1457.854,1.735,26.419,0.133
2/26/2021,10951,25,198,0,1461.19,3.336,26.419,0
2/27/2021,10983,32,198,0,1465.459,4.27,26.419,0
2/28/2021,11005,22,199,1,1468.395,2.935,26.553,0.133
3/1/2021,11019,14,200,1,1470.263,1.868,26.686,0.133
3/2/2021,11032,13,200,0,1471.997,1.735,26.686,0
3/3/2021,11046,14,200,0,1473.866,1.868,26.686,0
3/4/2021,11055,9,201,1,1475.066,1.201,26.819,0.133
3/5/2021,11066,11,201,0,1476.534,1.468,26.819,0
3/6/2021,11074,8,202,1,1477.602,1.067,26.953,0.133
3/7/2021,11090,16,202,0,1479.736,2.135,26.953,0
3/8/2021,11099,9,202,0,1480.937,1.201,26.953,0
3/9/2021,11120,21,202,0,1483.739,2.802,26.953,0
3/10/2021,11128,8,202,0,1484.807,1.067,26.953,0
3/11/2021,11150,22,203,1,1487.742,2.935,27.086,0.133
3/12/2021,11210,60,203,0,1495.748,8.006,27.086,0
3/13/2021,11257,47,203,0,1502.019,6.271,27.086,0
3/14/2021,11281,24,203,0,1505.222,3.202,27.086,0
3/15/2021,11311,30,203,0,1509.224,4.003,27.086,0
3/16/2021,11329,18,203,0,1511.626,2.402,27.086,0
3/17/2021,11340,11,203,0,1513.094,1.468,27.086,0
3/18/2021,11350,10,203,0,1514.428,1.334,27.086,0
3/19/2021,11363,13,203,0,1516.163,1.735,27.086,0
3/20/2021,11371,8,203,0,1517.23,1.067,27.086,0
3/21/2021,11379,8,203,0,1518.298,1.067,27.086,0
3/22/2021,11397,18,203,0,1520.699,2.402,27.086,0
3/23/2021,11409,12,203,0,1522.301,1.601,27.086,0
3/24/2021,11419,10,204,1,1523.635,1.334,27.22,0.133
3/25/2021,11428,9,204,0,1524.836,1.201,27.22,0
3/26/2021,11439,11,205,1,1526.303,1.468,27.353,0.133
3/27/2021,11445,6,205,0,1527.104,0.801,27.353,0
3/28/2021,11446,1,205,0,1527.237,0.133,27.353,0
3/29/2021,11454,8,205,0,1528.305,1.067,27.353,0
3/30/2021,11461,7,205,0,1529.239,0.934,27.353,0
3/31/2021,11467,6,205,0,1530.039,0.801,27.353,0
4/1/2021,11480,13,205,0,1531.774,1.735,27.353,0
4/2/2021,11499,19,205,0,1534.309,2.535,27.353,0
4/3/2021,11501,2,205,0,1534.576,0.267,27.353,0
4/4/2021,11508,7,205,0,1535.51,0.934,27.353,0
4/5/2021,11524,16,205,0,1537.645,2.135,27.353,0
4/6/2021,11531,7,205,0,1538.579,0.934,27.353,0
4/7/2021,11539,8,205,0,1539.646,1.067,27.353,0
4/8/2021,11549,10,205,0,1540.981,1.334,27.353,0
4/9/2021,11563,14,206,1,1542.849,1.868,27.487,0.133
4/10/2021,11568,5,207,1,1543.516,0.667,27.62,0.133
4/11/2021,11581,13,207,0,1545.25,1.735,27.62,0
4/12/2021,11594,13,207,0,1546.985,1.735,27.62,0
4/13/2021,11607,13,207,0,1548.72,1.735,27.62,0
4/14/2021,11612,5,209,2,1549.387,0.667,27.887,0.267
4/15/2021,11618,6,209,0,1550.187,0.801,27.887,0
4/16/2021,11635,17,209,0,1552.456,2.268,27.887,0
4/17/2021,11653,18,209,0,1554.857,2.402,27.887,0
4/18/2021,11683,30,209,0,1558.86,4.003,27.887,0
4/19/2021,11695,12,209,0,1560.461,1.601,27.887,0
4/20/2021,11703,8,209,0,1561.529,1.067,27.887,0
4/21/2021,11704,1,209,0,1561.662,0.133,27.887,0
4/22/2021,11718,14,209,0,1563.53,1.868,27.887,0
4/23/2021,11727,9,209,0,1564.731,1.201,27.887,0
4/24/2021,11730,3,209,0,1565.131,0.4,27.887,0
4/25/2021,11736,6,209,0,1565.932,0.801,27.887,0
4/26/2021,11740,4,209,0,1566.466,0.534,27.887,0
4/27/2021,11748,8,209,0,1567.533,1.067,27.887,0
4/28/2021,11755,7,209,0,1568.467,0.934,27.887,0
4/29/2021,11770,15,209,0,1570.469,2.001,27.887,0
4/30/2021,11774,4,209,0,1571.002,0.534,27.887,0
5/1/2021,11782,8,210,1,1572.07,1.067,28.02,0.133
5/2/2021,11784,2,210,0,1572.337,0.267,28.02,0
5/3/2021,11786,2,210,0,1572.604,0.267,28.02,0
5/4/2021,11790,4,210,0,1573.137,0.534,28.02,0
5/5/2021,11796,6,210,0,1573.938,0.801,28.02,0
5/6/2021,11798,2,210,0,1574.205,0.267,28.02,0
5/7/2021,11801,3,210,0,1574.605,0.4,28.02,0
5/8/2021,11806,5,210,0,1575.272,0.667,28.02,0
5/9/2021,11807,1,210,0,1575.406,0.133,28.02,0
5/10/2021,11811,4,210,0,1575.939,0.534,28.02,0
5/11/2021,11812,1,210,0,1576.073,0.133,28.02,0
5/12/2021,11814,2,210,0,1576.34,0.267,28.02,0
5/13/2021,11817,3,210,0,1576.74,0.4,28.02,0
5/14/2021,11818,1,210,0,1576.873,0.133,28.02,0
5/15/2021,11821,3,210,0,1577.274,0.4,28.02,0
5/16/2021,11824,3,210,0,1577.674,0.4,28.02,0
5/17/2021,11825,1,210,0,1577.807,0.133,28.02,0
5/18/2021,11826,1,210,0,1577.941,0.133,28.02,0
5/19/2021,11827,1,210,0,1578.074,0.133,28.02,0
5/20/2021,11828,1,210,0,1578.208,0.133,28.02,0
5/21/2021,11829,1,210,0,1578.341,0.133,28.02,0
5/22/2021,11830,1,210,0,1578.474,0.133,28.02,0
5/23/2021,11832,2,210,0,1578.741,0.267,28.02,0
5/24/2021,11833,1,210,0,1578.875,0.133,28.02,0
5/25/2021,11835,2,210,0,1579.142,0.267,28.02,0
5/26/2021,11836,1,210,0,1579.275,0.133,28.02,0
5/27/2021,11836,0,210,0,1579.275,0,28.02,0
5/28/2021,11836,0,210,0,1579.275,0,28.02,0
5/29/2021,11837,1,210,0,1579.408,0.133,28.02,0
5/30/2021,11837,0,210,0,1579.408,0,28.02,0
5/31/2021,11841,4,210,0,1579.942,0.534,28.02,0
6/1/2021,11848,7,210,0,1580.876,0.934,28.02,0
6/2/2021,11848,0,210,0,1580.876,0,28.02,0
6/3/2021,11849,1,210,0,1581.01,0.133,28.02,0
6/4/2021,11850,1,210,0,1581.143,0.133,28.02,0
6/5/2021,11851,1,210,0,1581.276,0.133,28.02,0
6/6/2021,11858,7,210,0,1582.21,0.934,28.02,0
6/7/2021,11865,7,210,0,1583.145,0.934,28.02,0
6/8/2021,11868,3,210,0,1583.545,0.4,28.02,0
6/9/2021,11872,4,210,0,1584.079,0.534,28.02,0
6/10/2021,11874,2,210,0,1584.345,0.267,28.02,0
6/11/2021,11874,0,210,0,1584.345,0,28.02,0
6/12/2021,11877,3,210,0,1584.746,0.4,28.02,0
6/13/2021,11877,0,210,0,1584.746,0,28.02,0
6/14/2021,11878,1,210,0,1584.879,0.133,28.02,0
6/15/2021,11880,2,210,0,1585.146,0.267,28.02,0
6/16/2021,11881,1,210,0,1585.279,0.133,28.02,0
6/17/2021,11881,0,210,0,1585.279,0,28.02,0
6/18/2021,11884,3,210,0,1585.68,0.4,28.02,0
6/19/2021,11885,1,210,0,1585.813,0.133,28.02,0
6/20/2021,11886,1,210,0,1585.947,0.133,28.02,0
6/21/2021,11889,3,210,0,1586.347,0.4,28.02,0
6/22/2021,11896,7,210,0,1587.281,0.934,28.02,0
6/23/2021,11898,2,210,0,1587.548,0.267,28.02,0
6/24/2021,11905,7,210,0,1588.482,0.934,28.02,0
6/25/2021,11909,4,211,1,1589.015,0.534,28.154,0.133
6/26/2021,11911,2,211,0,1589.282,0.267,28.154,0
6/27/2021,11917,6,211,0,1590.083,0.801,28.154,0
6/28/2021,11920,3,211,0,1590.483,0.4,28.154,0
6/29/2021,11921,1,211,0,1590.617,0.133,28.154,0
6/30/2021,11923,2,211,0,1590.883,0.267,28.154,0
7/1/2021,11927,4,211,0,1591.417,0.534,28.154,0
7/2/2021,11938,11,211,0,1592.885,1.468,28.154,0
7/3/2021,11939,1,211,0,1593.018,0.133,28.154,0
7/4/2021,11942,3,211,0,1593.419,0.4,28.154,0
7/5/2021,11943,1,212,1,1593.552,0.133,28.287,0.133
7/6/2021,11944,1,212,0,1593.685,0.133,28.287,0
7/7/2021,11945,1,212,0,1593.819,0.133,28.287,0
7/8/2021,11948,3,212,0,1594.219,0.4,28.287,0
7/9/2021,11949,1,212,0,1594.353,0.133,28.287,0
7/10/2021,11950,1,212,0,1594.486,0.133,28.287,0
7/11/2021,11951,1,212,0,1594.619,0.133,28.287,0
7/12/2021,11951,0,212,0,1594.619,0,28.287,0
7/13/2021,11952,1,212,0,1594.753,0.133,28.287,0
7/14/2021,11955,3,212,0,1595.153,0.4,28.287,0
7/15/2021,11955,0,212,0,1595.153,0,28.287,0
7/16/2021,11956,1,212,0,1595.287,0.133,28.287,0
7/17/2021,11956,0,212,0,1595.287,0,28.287,0
7/18/2021,11958,2,212,0,1595.553,0.267,28.287,0
7/19/2021,11958,0,212,0,1595.553,0,28.287,0
7/20/2021,11965,7,212,0,1596.487,0.934,28.287,0
7/21/2021,11970,5,212,0,1597.155,0.667,28.287,0
7/22/2021,11971,1,212,0,1597.288,0.133,28.287,0
7/23/2021,11973,2,212,0,1597.555,0.267,28.287,0
7/24/2021,11975,2,212,0,1597.822,0.267,28.287,0
7/25/2021,11978,3,212,0,1598.222,0.4,28.287,0
7/26/2021,11978,0,212,0,1598.222,0,28.287,0
7/27/2021,11979,1,212,0,1598.356,0.133,28.287,0
7/28/2021,11980,1,212,0,1598.489,0.133,28.287,0
7/29/2021,11982,2,212,0,1598.756,0.267,28.287,0
7/30/2021,11984,2,212,0,1599.023,0.267,28.287,0
7/31/2021,11984,0,212,0,1599.023,0,28.287,0
8/1/2021,11987,3,212,0,1599.423,0.4,28.287,0
8/2/2021,11990,3,212,0,1599.823,0.4,28.287,0
8/3/2021,11994,4,212,0,1600.357,0.534,28.287,0
8/4/2021,11996,2,212,0,1600.624,0.267,28.287,0
8/5/2021,12002,6,212,0,1601.424,0.801,28.287,0
8/6/2021,12004,2,212,0,1601.691,0.267,28.287,0
8/7/2021,12011,7,212,0,1602.625,0.934,28.287,0
8/8/2021,12013,2,212,0,1602.892,0.267,28.287,0
8/9/2021,12015,2,212,0,1603.159,0.267,28.287,0
8/10/2021,12019,4,212,0,1603.693,0.534,28.287,0
8/11/2021,12020,1,212,0,1603.826,0.133,28.287,0
8/12/2021,12025,5,212,0,1604.493,0.667,28.287,0
8/13/2021,12030,5,212,0,1605.16,0.667,28.287,0
8/14/2021,12032,2,212,0,1605.427,0.267,28.287,0
8/15/2021,12033,1,212,0,1605.561,0.133,28.287,0
8/16/2021,12036,3,212,0,1605.961,0.4,28.287,0
8/17/2021,12039,3,212,0,1606.361,0.4,28.287,0
8/18/2021,12042,3,212,0,1606.762,0.4,28.287,0
8/19/2021,12047,5,212,0,1607.429,0.667,28.287,0
8/20/2021,12049,2,212,0,1607.696,0.267,28.287,0
8/21/2021,12052,3,212,0,1608.096,0.4,28.287,0
8/22/2021,12057,5,212,0,1608.763,0.667,28.287,0
8/23/2021,12062,5,212,0,1609.43,0.667,28.287,0
8/24/2021,12069,7,212,0,1610.364,0.934,28.287,0
8/25/2021,12074,5,212,0,1611.031,0.667,28.287,0
8/26/2021,12077,3,212,0,1611.432,0.4,28.287,0
8/27/2021,12094,17,212,0,1613.7,2.268,28.287,0
8/28/2021,12100,6,212,0,1614.501,0.801,28.287,0
8/29/2021,12107,7,212,0,1615.435,0.934,28.287,0
8/30/2021,12110,3,212,0,1615.835,0.4,28.287,0
8/31/2021,12112,2,212,0,1616.102,0.267,28.287,0
9/1/2021,12113,1,212,0,1616.235,0.133,28.287,0
9/2/2021,12113,0,212,0,1616.235,0,28.287,0
9/3/2021,12112,,212,0,1616.102,,28.287,0
9/4/2021,12113,1,212,0,1616.235,0.133,28.287,0
9/5/2021,12121,8,212,0,1617.303,1.067,28.287,0
9/6/2021,12123,2,212,0,1617.569,0.267,28.287,0
9/7/2021,12129,6,212,0,1618.37,0.801,28.287,0
9/8/2021,12131,2,212,0,1618.637,0.267,28.287,0
9/9/2021,12133,2,212,0,1618.904,0.267,28.287,0
9/10/2021,12138,5,212,0,1619.571,0.667,28.287,0
9/11/2021,12142,4,212,0,1620.105,0.534,28.287,0
9/12/2021,12145,3,212,0,1620.505,0.4,28.287,0
9/13/2021,12146,1,213,1,1620.638,0.133,28.421,0.133
9/14/2021,12148,2,213,0,1620.905,0.267,28.421,0
9/15/2021,12149,1,213,0,1621.039,0.133,28.421,0
9/16/2021,12149,0,213,0,1621.039,0,28.421,0
9/17/2021,12152,3,213,0,1621.439,0.4,28.421,0
9/18/2021,12157,5,213,0,1622.106,0.667,28.421,0
9/19/2021,12160,3,213,0,1622.506,0.4,28.421,0
9/20/2021,12165,5,213,0,1623.173,0.667,28.421,0
9/21/2021,12166,1,213,0,1623.307,0.133,28.421,0
9/22/2021,12167,1,213,0,1623.44,0.133,28.421,0
9/23/2021,12169,2,213,0,1623.707,0.267,28.421,0
9/24/2021,12176,7,213,0,1624.641,0.934,28.421,0
9/25/2021,12185,9,213,0,1625.842,1.201,28.421,0
9/26/2021,12193,8,213,0,1626.909,1.067,28.421,0
9/27/2021,12196,3,213,0,1627.31,0.4,28.421,0
9/28/2021,12209,13,213,0,1629.044,1.735,28.421,0
9/29/2021,12214,5,213,0,1629.712,0.667,28.421,0
9/30/2021,12217,3,213,0,1630.112,0.4,28.421,0
10/1/2021,12221,4,213,0,1630.646,0.534,28.421,0
10/2/2021,12226,5,213,0,1631.313,0.667,28.421,0
10/3/2021,12226,0,213,0,1631.313,0,28.421,0
10/4/2021,12230,4,213,0,1631.846,0.534,28.421,0
10/5/2021,12237,7,213,0,1632.78,0.934,28.421,0
10/6/2021,12243,6,213,0,1633.581,0.801,28.421,0
10/7/2021,12251,8,213,0,1634.648,1.067,28.421,0
10/8/2021,12253,2,213,0,1634.915,0.267,28.421,0
10/9/2021,12230,,213,0,1631.846,,28.421,0
10/10/2021,12261,31,213,0,1635.983,4.136,28.421,0
10/11/2021,12268,7,213,0,1636.917,0.934,28.421,0
10/12/2021,12272,4,213,0,1637.45,0.534,28.421,0
10/13/2021,12275,3,213,0,1637.851,0.4,28.421,0
10/14/2021,12276,1,213,0,1637.984,0.133,28.421,0
10/15/2021,12285,9,213,0,1639.185,1.201,28.421,0
10/16/2021,12291,6,213,0,1639.986,0.801,28.421,0
10/17/2021,12294,3,213,0,1640.386,0.4,28.421,0
10/18/2021,12299,5,213,0,1641.053,0.667,28.421,0
10/19/2021,12301,2,213,0,1641.32,0.267,28.421,0
10/20/2021,12305,4,213,0,1641.854,0.534,28.421,0
10/21/2021,12311,6,213,0,1642.654,0.801,28.421,0
10/22/2021,12313,2,213,0,1642.921,0.267,28.421,0
10/23/2021,12319,6,213,0,1643.722,0.801,28.421,0
10/24/2021,12323,4,213,0,1644.255,0.534,28.421,0
10/25/2021,12327,4,213,0,1644.789,0.534,28.421,0
10/26/2021,12330,3,213,0,1645.189,0.4,28.421,0
10/27/2021,12335,5,213,0,1645.857,0.667,28.421,0
10/28/2021,12337,2,213,0,1646.123,0.267,28.421,0
10/29/2021,12342,5,213,0,1646.791,0.667,28.421,0
10/30/2021,12345,3,213,0,1647.191,0.4,28.421,0
10/31/2021,12346,1,213,0,1647.324,0.133,28.421,0
11/1/2021,12347,1,213,0,1647.458,0.133,28.421,0
11/2/2021,12349,2,213,0,1647.725,0.267,28.421,0
11/3/2021,12352,3,213,0,1648.125,0.4,28.421,0
11/4/2021,12359,7,213,0,1649.059,0.934,28.421,0
11/5/2021,12360,1,213,0,1649.192,0.133,28.421,0
11/6/2021,12367,7,213,0,1650.126,0.934,28.421,0
11/7/2021,12368,1,213,0,1650.26,0.133,28.421,0
11/8/2021,12368,0,213,0,1650.26,0,28.421,0
11/9/2021,12369,1,213,0,1650.393,0.133,28.421,0
11/10/2021,12374,5,213,0,1651.06,0.667,28.421,0
11/11/2021,12377,3,213,0,1651.461,0.4,28.421,0
11/12/2021,12378,1,213,0,1651.594,0.133,28.421,0
11/13/2021,12380,2,213,0,1651.861,0.267,28.421,0
11/14/2021,12381,1,213,0,1651.994,0.133,28.421,0
11/15/2021,12387,6,213,0,1652.795,0.801,28.421,0
11/16/2021,12388,1,213,0,1652.928,0.133,28.421,0
11/17/2021,12391,3,213,0,1653.329,0.4,28.421,0
11/18/2021,12395,4,213,0,1653.862,0.534,28.421,0
11/19/2021,12396,1,213,0,1653.996,0.133,28.421,0
11/20/2021,12399,3,213,0,1654.396,0.4,28.421,0
11/21/2021,12401,2,213,0,1654.663,0.267,28.421,0
11/22/2021,12404,3,213,0,1655.063,0.4,28.421,0
11/23/2021,12410,6,213,0,1655.864,0.801,28.421,0
11/24/2021,12411,1,213,0,1655.997,0.133,28.421,0
11/25/2021,12417,6,213,0,1656.798,0.801,28.421,0
11/26/2021,12421,4,213,0,1657.331,0.534,28.421,0
11/27/2021,12424,3,213,0,1657.732,0.4,28.421,0
11/28/2021,12427,3,213,0,1658.132,0.4,28.421,0
11/29/2021,12430,3,213,0,1658.532,0.4,28.421,0
11/30/2021,12436,6,213,0,1659.333,0.801,28.421,0
12/1/2021,12439,3,213,0,1659.733,0.4,28.421,0
12/2/2021,12445,6,213,0,1660.534,0.801,28.421,0
12/3/2021,12448,3,213,0,1660.934,0.4,28.421,0
12/4/2021,12452,4,213,0,1661.468,0.534,28.421,0
12/5/2021,12461,9,213,0,1662.669,1.201,28.421,0
12/6/2021,12466,5,213,0,1663.336,0.667,28.421,0
12/7/2021,12471,5,213,0,1664.003,0.667,28.421,0
12/8/2021,12471,0,213,0,1664.003,0,28.421,0
12/9/2021,12478,7,213,0,1664.937,0.934,28.421,0
12/10/2021,12482,4,213,0,1665.471,0.534,28.421,0
12/11/2021,12483,1,213,0,1665.604,0.133,28.421,0
12/12/2021,12488,5,213,0,1666.271,0.667,28.421,0
12/13/2021,12490,2,213,0,1666.538,0.267,28.421,0
12/14/2021,12495,5,213,0,1667.205,0.667,28.421,0
12/15/2021,12496,1,213,0,1667.339,0.133,28.421,0
12/16/2021,12506,10,213,0,1668.673,1.334,28.421,0
12/17/2021,12513,7,213,0,1669.607,0.934,28.421,0
12/18/2021,12518,5,213,0,1670.274,0.667,28.421,0
12/19/2021,12526,8,213,0,1671.342,1.067,28.421,0
12/20/2021,12533,7,213,0,1672.276,0.934,28.421,0
12/21/2021,12541,8,213,0,1673.343,1.067,28.421,0
12/22/2021,12548,7,213,0,1674.277,0.934,28.421,0
12/23/2021,12550,2,213,0,1674.544,0.267,28.421,0
12/24/2021,12555,5,213,0,1675.211,0.667,28.421,0
12/25/2021,12580,25,213,0,1678.547,3.336,28.421,0
12/26/2021,12589,9,213,0,1679.748,1.201,28.421,0
12/27/2021,12598,9,213,0,1680.949,1.201,28.421,0
12/28/2021,12604,6,213,0,1681.749,0.801,28.421,0
12/29/2021,12618,14,213,0,1683.617,1.868,28.421,0
12/30/2021,12630,12,213,0,1685.218,1.601,28.421,0
12/31/2021,12649,19,213,0,1687.753,2.535,28.421,0
1/1/2022,12667,18,213,0,1690.155,2.402,28.421,0
1/2/2022,12693,26,213,0,1693.624,3.469,28.421,0
1/3/2022,12722,29,213,0,1697.494,3.869,28.421,0
1/4/2022,12761,39,213,0,1702.698,5.204,28.421,0
1/5/2022,12799,38,213,0,1707.768,5.07,28.421,0
1/6/2022,12832,33,213,0,1712.171,4.403,28.421,0
1/7/2022,12865,33,213,0,1716.574,4.403,28.421,0
1/8/2022,12902,37,213,0,1721.511,4.937,28.421,0
1/9/2022,12935,33,213,0,1725.914,4.403,28.421,0
1/10/2022,12959,24,213,0,1729.117,3.202,28.421,0
1/11/2022,12980,21,213,0,1731.919,2.802,28.421,0
1/12/2022,13002,22,213,0,1734.854,2.935,28.421,0
1/13/2022,13016,14,213,0,1736.722,1.868,28.421,0
1/14/2022,13025,9,213,0,1737.923,1.201,28.421,0
1/15/2022,13030,5,213,0,1738.59,0.667,28.421,0
1/16/2022,13041,11,213,0,1740.058,1.468,28.421,0
1/17/2022,13048,7,213,0,1740.992,0.934,28.421,0
1/18/2022,13066,18,213,0,1743.394,2.402,28.421,0
1/19/2022,13082,16,213,0,1745.529,2.135,28.421,0
1/20/2022,13096,14,213,0,1747.397,1.868,28.421,0
1/21/2022,13120,24,213,0,1750.599,3.202,28.421,0
1/22/2022,13146,26,213,0,1754.068,3.469,28.421,0
1/23/2022,13286,140,213,0,1772.748,18.68,28.421,0
1/24/2022,13395,109,213,0,1787.292,14.544,28.421,0
1/25/2022,13519,124,213,0,1803.837,16.545,28.421,0
1/26/2022,13626,107,213,0,1818.114,14.277,28.421,0
1/27/2022,13790,164,213,0,1839.997,21.882,28.421,0
1/28/2022,13905,115,213,0,1855.341,15.344,28.421,0
1/29/2022,14024,119,213,0,1871.219,15.878,28.421,0
1/30/2022,14105,81,213,0,1882.027,10.808,28.421,0
1/31/2022,14197,92,213,0,1894.303,12.276,28.421,0
2/1/2022,14326,129,213,0,1911.515,17.212,28.421,0
2/2/2022,14442,116,213,0,1926.993,15.478,28.421,0
2/3/2022,14584,142,213,0,1945.94,18.947,28.421,0
2/4/2022,14715,131,213,0,1963.419,17.479,28.421,0
2/5/2022,15066,351,213,0,2010.253,46.834,28.421,0
2/6/2022,15408,342,213,0,2055.886,45.633,28.421,0
2/7/2022,16022,614,213,0,2137.812,81.926,28.421,0
2/8/2022,16647,625,213,0,2221.206,83.394,28.421,0
2/9/2022,17808,1161,215,2,2376.118,154.912,28.687,0.267
2/10/2022,18794,986,216,1,2507.68,131.562,28.821,0.133
2/11/2022,20119,1325,216,0,2684.474,176.794,28.821,0
2/12/2022,21633,1514,219,3,2886.487,202.013,29.221,0.4
2/13/2022,22980,1347,219,0,3066.217,179.73,29.221,0
2/14/2022,25051,2071,221,2,3342.55,276.333,29.488,0.267
2/15/2022,26670,1619,224,3,3558.573,216.023,29.888,0.4
2/16/2022,30955,4285,227,3,4130.319,571.747,30.289,0.4
2/17/2022,37071,6116,238,11,4946.376,816.057,31.756,1.468
2/18/2022,40700,3629,259,21,5430.593,484.217,34.558,2.802
2/19/2022,46763,6063,276,17,6239.577,808.985,36.827,2.268
2/20/2022,52830,6067,288,12,7049.096,809.519,38.428,1.601
2/21/2022,60363,7533,300,12,8054.223,1005.127,40.029,1.601
2/22/2022,66574,6211,336,36,8882.955,828.732,44.832,4.803
2/23/2022,75248,8674,385,49,10040.325,1157.37,51.37,6.538
2/24/2022,84046,8798,425,40,11214.24,1173.915,56.708,5.337
2/25/2022,94056,10010,497,72,12549.873,1335.632,66.315,9.607
2/26/2022,168590,74534,577,80,22494.929,9945.056,76.989,10.674
2/27/2022,219566,50976,659,82,29296.646,6801.717,87.93,10.941
2/28/2022,275744,56178,744,85,36792.465,7495.819,99.272,11.342
3/1/2022,331402,55658,990,246,44218.901,7426.435,132.095,32.824
3/2/2022,407743,76341,1168,178,54405.065,10186.164,155.846,23.751
3/3/2022,484734,76991,1366,198,64677.958,10272.893,182.265,26.419
3/4/2022,557416,72682,1554,188,74375.902,9697.944,207.35,25.085
3/5/2022,624999,67583,1774,220,83393.488,9017.586,236.704,29.355
3/6/2022,664800,39801,2007,233,88704.127,5310.639,267.794,31.089
3/7/2022,701195,36395,2287,280,93560.305,4856.177,305.154,37.36
3/8/2022,739946,38751,2578,291,98730.842,5170.538,343.982,38.828
3/9/2022,770407,30461,2869,291,102795.247,4064.405,382.81,38.828
3/10/2022,801809,31402,3150,281,106985.21,4189.962,420.304,37.494
3/11/2022,831190,29381,3444,294,110905.511,3920.301,459.532,39.228
3/12/2022,858837,27647,3729,285,114594.444,3688.934,497.56,38.027
3/13/2022,891267,32430,3993,264,118921.572,4327.128,532.785,35.225
3/14/2022,918175,26908,4279,286,122511.901,3590.329,570.946,38.161
3/15/2022,945940,27765,4568,289,126216.58,3704.678,609.507,38.561
3/16/2022,975212,29272,4847,279,130122.336,3905.757,646.734,37.227
3/17/2022,996862,21650,5136,289,133011.091,2888.755,685.295,38.561
3/18/2022,1016944,20082,5401,265,135690.629,2679.537,720.654,35.359
3/19/2022,1033541,16597,5650,249,137905.163,2214.534,753.878,33.224
3/20/2022,1047690,14149,5896,246,139793.061,1887.898,786.702,32.824
3/21/2022,1061758,14068,6119,223,141670.151,1877.09,816.457,29.755
3/22/2022,1075910,14152,6364,245,143558.45,1888.298,849.147,32.69
3/23/2022,1088150,12240,6569,205,145191.631,1633.181,876.5,27.353
3/24/2022,1101224,13074,6770,201,146936.092,1744.461,903.32,26.819
3/25/2022,1111629,10405,6962,192,148324.429,1388.337,928.938,25.619
3/26/2022,1120470,8841,7101,139,149504.081,1179.653,947.485,18.547
3/27/2022,1128507,8037,7252,151,150576.457,1072.375,967.633,20.148
3/28/2022,1136192,7685,7420,168,151601.865,1025.408,990.049,22.416
3/29/2022,1143788,7596,7571,151,152615.397,1013.533,1010.197,20.148
3/30/2022,1150769,6981,7706,135,153546.871,931.473,1028.21,18.013
3/31/2022,1157415,6646,7825,119,154433.645,886.774,1044.088,15.878
4/1/2022,1163238,5823,7945,120,155210.607,776.962,1060.1,16.012
4/2/2022,1167713,4475,8061,116,155807.705,597.098,1075.578,15.478
4/3/2022,1171422,3709,8172,111,156302.596,494.891,1090.388,14.811
4/4/2022,1174560,3138,8262,90,156721.299,418.703,1102.397,12.009
4/5/2022,1177814,3254,8349,87,157155.48,434.181,1114.005,11.608
4/6/2022,1180591,2777,8460,111,157526.014,370.535,1128.816,14.811
4/7/2022,1183235,2644,8557,97,157878.803,352.788,1141.759,12.943
4/8/2022,1185727,2492,8643,86,158211.31,332.507,1153.234,11.475
4/9/2022,1188262,2535,8705,62,158549.554,338.245,1161.506,8.273
4/10/2022,1190183,1921,8770,65,158805.873,256.319,1170.179,8.673
4/11/2022,1191590,1407,8827,57,158993.608,187.736,1177.785,7.605
4/12/2022,1193023,1433,8886,59,159184.813,191.205,1185.657,7.872
4/13/2022,1194295,1272,8948,62,159354.536,169.723,1193.93,8.273
4/14/2022,1195338,1043,9002,54,159493.703,139.167,1201.135,7.205
4/15/2022,1196284,946,9069,67,159619.928,126.225,1210.075,8.94
4/16/2022,1197078,794,9110,41,159725.871,105.943,1215.545,5.471
4/17/2022,1197825,747,9139,29,159825.543,99.672,1219.415,3.869
4/18/2022,1198438,613,9159,20,159907.336,81.792,1222.083,2.669
4/19/2022,1199038,600,9176,17,159987.394,80.058,1224.352,2.268
4/20/2022,1199706,668,9186,10,160076.525,89.131,1225.686,1.334
4/21/2022,1200334,628,9212,26,160160.319,83.794,1229.155,3.469
4/22/2022,1200908,574,9227,15,160236.907,76.589,1231.157,2.001
4/23/2022,1201431,523,9236,9,160306.691,69.784,1232.358,1.201
4/24/2022,1201860,429,9249,13,160363.932,57.241,1234.092,1.735
4/25/2022,1202291,431,9267,18,160421.441,57.508,1236.494,2.402
4/26/2022,1202638,347,9274,7,160467.741,46.3,1237.428,0.934
4/27/2022,1203068,430,9282,8,160525.116,57.375,1238.495,1.067
4/28/2022,1203481,413,9287,5,160580.222,55.107,1239.162,0.667
4/29/2022,1203847,366,9298,11,160629.057,48.835,1240.63,1.468
4/30/2022,1204210,363,9308,10,160677.492,48.435,1241.965,1.334
5/1/2022,1204510,300,9313,5,160717.521,40.029,1242.632,0.667
5/2/2022,1204793,283,9318,5,160755.282,37.761,1243.299,0.667
5/3/2022,1205083,290,9325,7,160793.977,38.695,1244.233,0.934
5/4/2022,1205396,313,9328,3,160835.74,41.764,1244.633,0.4
5/5/2022,1205717,321,9333,5,160878.571,42.831,1245.3,0.667
5/6/2022,1206041,324,9344,11,160921.802,43.231,1246.768,1.468
5/7/2022,1206319,278,9344,0,160958.896,37.093,1246.768,0
5/8/2022,1206585,266,9346,2,160994.388,35.492,1247.035,0.267
5/9/2022,1206818,233,9347,1,161025.477,31.089,1247.168,0.133
5/10/2022,1207091,273,9352,5,161061.904,36.426,1247.835,0.667
5/11/2022,1207371,280,9355,3,161099.264,37.36,1248.236,0.4
5/12/2022,1207665,294,9356,1,161138.492,39.228,1248.369,0.133
5/13/2022,1207963,298,9359,3,161178.254,39.762,1248.769,0.4
5/14/2022,1208247,284,9360,1,161216.149,37.894,1248.903,0.133
5/15/2022,1208506,259,9361,1,161250.707,34.558,1249.036,0.133
5/16/2022,1208740,234,9361,0,161281.929,31.223,1249.036,0
5/17/2022,1209068,328,9361,0,161325.694,43.765,1249.036,0
5/18/2022,1209397,329,9365,4,161369.593,43.898,1249.57,0.534
5/19/2022,1209688,291,9366,1,161408.421,38.828,1249.703,0.133
5/20/2022,1209931,243,9370,4,161440.844,32.423,1250.237,0.534
5/21/2022,1210159,228,9370,0,161471.266,30.422,1250.237,0
5/22/2022,1210396,237,9370,0,161502.889,31.623,1250.237,0
5/23/2022,1210586,190,9370,0,161528.241,25.352,1250.237,0
5/24/2022,1210836,250,9370,0,161561.598,33.357,1250.237,0
5/25/2022,1211087,251,9372,2,161595.089,33.491,1250.504,0.267
5/26/2022,1211338,251,9374,2,161628.58,33.491,1250.771,0.267
5/27/2022,1211588,250,9375,1,161661.937,33.357,1250.904,0.133
5/28/2022,1211858,270,9376,1,161697.964,36.026,1251.038,0.133
5/29/2022,1212095,237,9376,0,161729.586,31.623,1251.038,0
5/30/2022,1212370,275,9378,2,161766.28,36.693,1251.305,0.267
5/31/2022,1212699,329,9378,0,161810.178,43.898,1251.305,0
6/1/2022,1213204,505,9379,1,161877.56,67.382,1251.438,0.133
6/2/2022,1213693,489,9380,1,161942.807,65.247,1251.571,0.133
6/3/2022,1214192,499,9382,2,162009.389,66.581,1251.838,0.267
6/4/2022,1214638,446,9382,0,162068.898,59.51,1251.838,0
6/5/2022,1215153,515,9386,4,162137.615,68.716,1252.372,0.534
6/6/2022,1215696,543,9386,0,162210.067,72.452,1252.372,0
6/7/2022,1215935,239,9389,3,162241.957,31.89,1252.772,0.4
6/8/2022,1216228,293,9389,0,162281.052,39.095,1252.772,0
6/9/2022,1216842,614,9390,1,162362.978,81.926,1252.906,0.133
6/10/2022,1217510,668,9390,0,162452.109,89.131,1252.906,0
6/11/2022,1218361,851,9390,0,162565.657,113.549,1252.906,0
6/12/2022,1219175,814,9390,0,162674.269,108.612,1252.906,0
6/13/2022,1219912,737,9390,0,162772.607,98.338,1252.906,0
6/14/2022,1220761,849,9391,1,162885.889,113.282,1253.039,0.133
6/15/2022,1221808,1047,9392,1,163025.59,139.701,1253.173,0.133
6/16/2022,1222987,1179,9392,0,163182.904,157.314,1253.173,0
6/17/2022,1224132,1145,9393,1,163335.681,152.777,1253.306,0.133
6/18/2022,1225408,1276,9393,0,163505.937,170.256,1253.306,0
6/19/2022,1226684,1276,9395,2,163676.194,170.256,1253.573,0.267
6/20/2022,1228011,1327,9396,1,163853.255,177.061,1253.706,0.133
6/21/2022,1229209,1198,9396,0,164013.104,159.849,1253.706,0
6/22/2022,1230656,1447,9397,1,164206.177,193.073,1253.84,0.133
6/23/2022,1232306,1650,9398,1,164426.336,220.159,1253.973,0.133
6/24/2022,1234166,1860,9398,0,164674.515,248.179,1253.973,0
6/25/2022,1235960,1794,9398,0,164913.888,239.373,1253.973,0
6/26/2022,1237877,1917,9398,0,165169.673,255.785,1253.973,0
6/27/2022,1239750,1873,9398,0,165419.587,249.914,1253.973,0
6/28/2022,1241435,1685,9399,1,165644.417,224.829,1254.107,0.133
6/29/2022,1243439,2004,9399,0,165911.81,267.393,1254.107,0
6/30/2022,1245797,2358,9401,2,166226.437,314.627,1254.373,0.267
7/1/2022,1248115,2318,9402,1,166535.728,309.29,1254.507,0.133
7/2/2022,1250342,2227,9405,3,166832.876,297.148,1254.907,0.4
7/3/2022,1252170,1828,9405,0,167076.785,243.91,1254.907,0
7/4/2022,1254011,1841,9405,0,167322.43,245.644,1254.907,0
7/5/2022,1256279,2268,9405,0,167625.048,302.619,1254.907,0
7/6/2022,1259094,2815,9406,1,168000.653,375.605,1255.041,0.133
7/7/2022,1262122,3028,9407,1,168404.679,404.025,1255.174,0.133
7/8/2022,1265067,2945,9410,3,168797.629,392.951,1255.574,0.4
7/9/2022,1268062,2995,9410,0,169197.252,399.622,1255.574,0
7/10/2022,1271054,2992,9412,2,169596.474,399.222,1255.841,0.267
7/11/2022,1273917,2863,9419,7,169978.483,382.01,1256.775,0.934
7/12/2022,1276686,2769,9420,1,170347.95,369.467,1256.909,0.133
7/13/2022,1279840,3154,9422,2,170768.788,420.838,1257.176,0.267
7/14/2022,1283514,3674,9427,5,171259.009,490.221,1257.843,0.667
7/15/2022,1287088,3574,9432,5,171735.887,476.878,1258.51,0.667
7/16/2022,1290850,3762,9433,1,172237.85,501.963,1258.643,0.133
7/17/2022,1294336,3486,9437,4,172702.986,465.136,1259.177,0.534
7/18/2022,1297772,3436,9440,3,173161.451,458.465,1259.577,0.4
7/19/2022,1301028,3256,9444,4,173595.898,434.447,1260.111,0.534
7/20/2022,1304833,3805,9445,1,174103.599,507.7,1260.244,0.133
7/21/2022,1309208,4375,9448,3,174687.354,583.755,1260.645,0.4
7/22/2022,1313478,4270,9454,6,175257.099,569.745,1261.445,0.801
7/23/2022,1317743,4265,9461,7,175826.177,569.078,1262.379,0.934
7/24/2022,1321993,4250,9469,8,176393.254,567.077,1263.447,1.067
7/25/2022,1326123,4130,9472,3,176944.319,551.065,1263.847,0.4
7/26/2022,1330399,4276,9478,6,177514.865,570.546,1264.648,0.801
7/27/2022,1334907,4508,9488,10,178116.366,601.502,1265.982,1.334
7/28/2022,1339793,4886,9493,5,178768.304,651.938,1266.649,0.667
7/29/2022,1344677,4884,9498,5,179419.975,651.671,1267.316,0.667
7/30/2022,1349360,4683,9502,4,180044.827,624.852,1267.85,0.534
7/31/2022,1353994,4634,9503,1,180663.141,618.314,1267.983,0.133
8/1/2022,1358248,4254,9509,6,181230.751,567.61,1268.784,0.801
8/2/2022,1362371,4123,9520,11,181780.882,550.131,1270.252,1.468
8/3/2022,1366918,4547,9524,4,182387.587,606.705,1270.785,0.534
8/4/2022,1371938,5020,9527,3,183057.405,669.818,1271.186,0.4
8/5/2022,1376366,4428,9531,4,183648.232,590.827,1271.719,0.534
8/6/2022,1380968,4602,9535,4,184262.276,614.044,1272.253,0.534
8/7/2022,1385242,4274,9540,5,184832.555,570.279,1272.92,0.667
8/8/2022,1389282,4040,9547,7,185371.611,539.056,1273.854,0.934
8/9/2022,1393327,4045,9550,3,185911.335,539.724,1274.255,0.4
8/10/2022,1397920,4593,9554,4,186524.178,612.843,1274.788,0.534
8/11/2022,1402296,4376,9555,1,187108.067,583.889,1274.922,0.133
8/12/2022,1406735,4439,9559,4,187700.362,592.295,1275.455,0.534
8/13/2022,1412043,5308,9562,3,188408.607,708.245,1275.856,0.4
8/14/2022,1417022,4979,9565,3,189072.954,664.347,1276.256,0.4
8/15/2022,1421918,4896,9569,4,189726.226,653.272,1276.79,0.534
8/16/2022,1427080,5162,9580,11,190414.991,688.765,1278.257,1.468
8/17/2022,1432837,5757,9584,4,191183.146,768.155,1278.791,0.534
8/18/2022,1438891,6054,9589,5,191990.93,807.784,1279.458,0.667
8/19/2022,1445336,6445,9597,8,192850.885,859.955,1280.526,1.067
8/20/2022,1451725,6389,9602,5,193703.368,852.483,1281.193,0.667
8/21/2022,1458238,6513,9605,3,194572.396,869.028,1281.593,0.4
8/22/2022,1464855,6617,9610,5,195455.301,882.905,1282.26,0.667
8/23/2022,1471509,6654,9620,10,196343.143,887.842,1283.595,1.334
8/24/2022,1479393,7884,9634,14,197395.104,1051.96,1285.463,1.868
8/25/2022,1487972,8579,9643,9,198539.798,1144.694,1286.664,1.201
8/26/2022,1495807,7835,9650,7,199585.22,1045.422,1287.598,0.934
8/27/2022,1504264,8457,9654,4,200713.636,1128.416,1288.131,0.534
8/28/2022,1513972,9708,9664,10,202008.972,1295.336,1289.466,1.334
8/29/2022,1522460,8488,9668,4,203141.524,1132.552,1289.999,0.534
8/30/2022,1531308,8848,9681,13,204322.111,1180.587,1291.734,1.735
8/31/2022,1540803,9495,9690,9,205589.027,1266.916,1292.935,1.201
9/1/2022,1551389,10586,9701,11,207001.515,1412.488,1294.402,1.468
9/2/2022,1561290,9901,9709,8,208322.603,1321.088,1295.47,1.067
9/3/2022,1571716,10426,9716,7,209713.742,1391.139,1296.404,0.934
9/4/2022,1582399,10683,9724,8,211139.173,1425.43,1297.471,1.067
